CREATE DATABASE ecommercesys;

USE ecommercesys;

SELECT * FROM ecommercesys.users;
SELECT * FROM ecommercesys.wxsessions;
SELECT * FROM ecommercesys.products;
SELECT * FROM ecommercesys.stock;
SELECT * FROM ecommercesys.address;
SELECT * FROM ecommercesys.advert;
SELECT * FROM ecommercesys.team;
SELECT * FROM ecommercesys.order;

INSERT INTO ecommercesys.team(`teamId`, `userId`, `topAgent`, `superiorAgent`, `invitationCode`, `createdAt`, `updatedAt`) value('888888888', '2688b319-08af-4890-9b0c-1c53f2db38f4', 'admin', 'admin', '7CF59QA', now(), now());
INSERT INTO ecommercesys.wxSession(`sessionId`, `openId`, `skey`, `sessionKey`, `wechatUserProfile`, `createdAt`, `updatedAt`) value('0123456', '567x9dvadsd', 'aa', 'bb', 'asdf', now(), now());
INSERT INTO ecommercesys.user(`userId`, `openId`, `createdAt`, `updatedAt`) value('0123456', '567x9dvadsd' ,now(), now());


SELECT * FROM ecommercesys.team WHERE invitationCode = '7CF59QA';

DELETE FROM ecommercesys.user;
DELETE FROM ecommercesys.wxSession;
DELETE FROM ecommercesys.team;
DELETE FROM ecommercesys.product;
DELETE FROM ecommercesys.advert;
DELETE FROM ecommercesys.order;
DELETE FROM ecommercesys.outbound;
DELETE FROM ecommercesys.stock;
DELETE FROM ecommercesys.classify;
DELETE FROM ecommercesys.category;
DELETE FROM ecommercesys.address;

SET SQL_SAFE_UPDATES=0;

SELECT * FROM ecommercesys.order WHERE userId = "71cd618f-6e4a-4d80-ad61-a94bc1596f96";

UPDATE ecommercesys.order SET status = 4 WHERE orderId = "8f09d2c0-7b3c-11e8-ae92-47c8cb21caab";

UPDATE ecommercesys.stock SET commission = "0%" WHERE commission = '10%';

update ecommercesys.user set nickname = 'James。' where userId = '71cd618f-6e4a-4d80-ad61-a94bc1596f96';

INSERT INTO `wxSessions` VALUES ('eb30c2d9-8594-47c0-89c9-6d2e9423e453','o_0uP4rQCdGrft8viYxO5rbkkLWg','22f9bdd3ef94606266b16d98574003f9e7990e1b','Brl72SuU26UT52cUQVgm7w==','{\"nickName\":\"James。\",\"gender\":1,\"language\":\"zh_CN\",\"city\":\"\",\"province\":\"Dubai\",\"country\":\"United Arab Emirates\",\"avatarUrl\":\"https://wx.qlogo.cn/mmopen/vi_32/T3p8Re3ESVIb9pbW476yoOHszic3nvZHVrPmPO4gvQdX13WfEvG58lthicib6Bo7yCymLP7IVgFkP3BZj3iaO3wqag/132\"}','2018-06-10 06:15:11','2018-07-11 13:53:54'),('9bf276a6-4272-40de-92c1-c0c76d812c13','o_0uP4sArHWp50_VFHLu2lJ7VJTg','4de87356b7447f74ec6128fde40684a0312fb596','nOkgB27lkyzvVQ2y9iIk2g==','{\"nickName\":\"阿文.\",\"gender\":1,\"language\":\"zh_CN\",\"city\":\"Shenzhen\",\"province\":\"Guangdong\",\"country\":\"China\",\"avatarUrl\":\"https://wx.qlogo.cn/mmopen/vi_32/Q0j4TwGTfTI6xVtv6RUCicyak1jNDavsWxoZibuctzAoZPxMDEl6xLTIVia0WQLxvy3m5cWxEcM7UunyG9FPiaLyLg/132\"}','2018-07-04 07:13:41','2018-07-04 07:13:41');
INSERT INTO `users` VALUES ('71cd618f-6e4a-4d80-ad61-a94bc1596f96','',NULL,'',NULL,1,0,'Wechat','2018-06-10 06:15:11','2018-06-10 06:15:11','o_0uP4rQCdGrft8viYxO5rbkkLWg'),('ad0328f6-7844-4eb2-b378-32dba1c7b903','',NULL,'',NULL,1,0,'Wechat','2018-07-04 07:13:41','2018-07-04 07:13:41','o_0uP4sArHWp50_VFHLu2lJ7VJTg');
# INSERT  INTO `users` (`userId`,`telephone`,`username`,`password`,`nickname`,`channel`,`createdAt`,`updatedAt`,`deletedAt`) VALUES (9895604649985,'13641052044','','123456789','JAMES004','','2019-03-21 09:32:21','2019-03-21 09:32:21',NULL)

INSERT INTO `teams` VALUES ('9474f976-5c7a-4eed-8b13-ec08a7055d03','ADMIN','ADMIN',1,'Wechat','BBPRSRS','2018-07-04 07:13:41','2018-07-04 07:13:41','ad0328f6-7844-4eb2-b378-32dba1c7b903'),('de841dc3-7eb0-4b30-861c-d7966a242e73','ADMIN','ADMIN',1,'Wechat','TR0FD7C','2018-06-10 06:15:11','2018-06-10 06:15:11','71cd618f-6e4a-4d80-ad61-a94bc1596f96');
INSERT INTO `addresses` VALUES (4598758452112,'James111','12363252623',1,'CHN','ZHA','广东省珠海市眼光街道旁112-6566 B3','active',4398046511105,'2018-05-21 15:10:03','2018-05-22 13:40:37',NULL),
                               (4598758452113,'James222','12363252623',1,'CHN','ZHA','广东省珠海市眼光街道旁112-6566 B4','active',4398046511105,'2018-05-21 15:10:03','2018-05-22 13:40:37',NULL),
                               (4598758452114,'James222','12363252623',1,'CHN','ZHA','广东省珠海市绿森光临B4 - L5','active',4398046511105,'2018-05-21 15:10:03','2018-05-22 13:40:37',NULL);

INSERT INTO `classifies` VALUES ('5794ab35-dee2-48c2-9345-1e0b0b8ee328','户外运动','',0,1,'2018-05-23 14:05:59','2018-05-23 14:05:59'),('66daa9c7-5a45-4e9b-b86c-d7505bf4ca76','生活家居','',0,1,'2018-05-23 14:05:59','2018-05-23 14:05:59'),('9587ec75-4633-4f9c-9918-e6120bb91f50','男装','',0,1,'2018-05-23 14:05:59','2018-05-23 14:05:59'),('d0fedb4e-4e8c-436b-9a3a-7eba104da834','美妆个护','',0,1,'2018-05-23 14:05:59','2018-05-23 14:05:59'),('d12b31fd-f9ae-44ab-98e5-fed22256f6a6','女装','',0,1,'2018-05-23 14:05:59','2018-05-23 14:05:59'),('d55c26b5-b6ea-4c5c-b3db-5f753a372226','母婴童装','',0,1,'2018-05-23 14:05:59','2018-05-23 14:05:59'),('d884f2d0-eef4-4cd1-b757-82b28f15e52b','眼睛','',0,1,'2018-05-23 14:05:59','2018-05-23 14:05:59'),('ef040c69-68c4-43cc-86cb-27f0f661e072','内衣配饰','',0,1,'2018-05-23 14:05:59','2018-05-23 14:05:59');
INSERT INTO `categories` VALUES ('069aae3b-14ed-4dc3-8f53-7c27d06d6588','衬衫','http://www.orline.cn/mmgoing/cls_boy.png',0,1,'2018-05-23 14:07:08','2018-05-23 14:07:08','66daa9c7-5a45-4e9b-b86c-d7505bf4ca76'),('0b1b1069-7f79-4d61-8ae1-392f7980645b','长裤','http://www.orline.cn/mmgoing/cls_coat.png',0,1,'2018-05-23 14:06:50','2018-05-23 14:06:50','ef040c69-68c4-43cc-86cb-27f0f661e072'),('190051f3-81e5-454f-b55e-422bcdea8a74','短裙','http://www.orline.cn/mmgoing/cls_dress.png',0,1,'2018-05-23 14:06:50','2018-05-23 14:06:50','ef040c69-68c4-43cc-86cb-27f0f661e072'),('247cf1fb-7f00-4985-a5bd-43ea4fa3c647','上衣','http://www.orline.cn/mmgoing/cls_girl.png',0,1,'2018-05-23 14:06:58','2018-05-23 14:06:58','d0fedb4e-4e8c-436b-9a3a-7eba104da834'),('414690a6-6e83-4c9c-a4ec-d407ae4a1703','长裤','http://www.orline.cn/mmgoing/cls_coat.png',0,1,'2018-05-23 14:06:17','2018-05-23 14:06:17','d12b31fd-f9ae-44ab-98e5-fed22256f6a6'),('45d44c17-ebbc-48f4-bb31-dacdf6c616cc','长裤','http://www.orline.cn/mmgoing/cls_coat.png',0,1,'2018-05-23 14:06:33','2018-05-23 14:06:33','66daa9c7-5a45-4e9b-b86c-d7505bf4ca76'),('49206677-256b-45a2-8468-52359211327a','长裤','http://www.orline.cn/mmgoing/cls_coat.png',0,1,'2018-05-23 14:07:08','2018-05-23 14:07:08','66daa9c7-5a45-4e9b-b86c-d7505bf4ca76'),('498cd1ad-9a82-4859-8894-a1a17420ef8c','短裙','http://www.orline.cn/mmgoing/cls_dress.png',0,1,'2018-05-23 14:07:08','2018-05-23 14:07:08','66daa9c7-5a45-4e9b-b86c-d7505bf4ca76'),('5113e280-c0bf-462d-a6a8-484a2e97b929','短裙','http://www.orline.cn/mmgoing/cls_dress.png',0,1,'2018-05-23 14:06:33','2018-05-23 14:06:33','66daa9c7-5a45-4e9b-b86c-d7505bf4ca76'),('5cbb2e95-a214-441f-95fb-41d0c490df7e','衬衫','http://www.orline.cn/mmgoing/cls_boy.png',0,1,'2018-05-23 14:06:50','2018-05-23 14:06:50','ef040c69-68c4-43cc-86cb-27f0f661e072'),('5fbaa705-5cc3-4127-b4ad-cde4a77f9e84','上衣','http://www.orline.cn/mmgoing/cls_girl.png',0,1,'2018-05-23 14:06:42','2018-05-23 14:06:42','9587ec75-4633-4f9c-9918-e6120bb91f50'),('69db4a33-a747-4e88-b8fb-5021daf487ff','衬衫','http://www.orline.cn/mmgoing/cls_boy.png',0,1,'2018-05-23 14:06:58','2018-05-23 14:06:58','d0fedb4e-4e8c-436b-9a3a-7eba104da834'),('6febf21e-302d-4176-9050-106225cc5d25','衬衫','http://www.orline.cn/mmgoing/cls_boy.png',0,1,'2018-05-23 14:06:17','2018-05-23 14:06:17','d12b31fd-f9ae-44ab-98e5-fed22256f6a6'),('882eb772-46a4-4965-acb5-8fdb604e7015','长裤','http://www.orline.cn/mmgoing/cls_coat.png',0,1,'2018-05-23 14:06:42','2018-05-23 14:06:42','9587ec75-4633-4f9c-9918-e6120bb91f50'),('94af8053-ebc2-4921-90f4-5a078ace5cc0','短裙','http://www.orline.cn/mmgoing/cls_dress.png',0,1,'2018-05-23 14:06:42','2018-05-23 14:06:42','9587ec75-4633-4f9c-9918-e6120bb91f50'),('a4143648-aa07-4230-bbb9-15d1e5333a15','衬衫','http://www.orline.cn/mmgoing/cls_boy.png',0,1,'2018-05-23 14:06:33','2018-05-23 14:06:33','66daa9c7-5a45-4e9b-b86c-d7505bf4ca76'),('aa11648f-44bc-4204-b696-0ba8f012b243','上衣','http://www.orline.cn/mmgoing/cls_girl.png',0,1,'2018-05-23 14:06:50','2018-05-23 14:06:50','ef040c69-68c4-43cc-86cb-27f0f661e072'),('ac8f0f9a-ca41-4441-a75e-88099465059d','短裙','http://www.orline.cn/mmgoing/cls_dress.png',0,1,'2018-05-23 14:06:17','2018-05-23 14:06:17','d12b31fd-f9ae-44ab-98e5-fed22256f6a6'),('bbbe7e99-8415-4c27-91ef-bdf2c31aae60','短裙','http://www.orline.cn/mmgoing/cls_dress.png',0,1,'2018-05-23 14:06:58','2018-05-23 14:06:58','d0fedb4e-4e8c-436b-9a3a-7eba104da834'),('c98ddbc4-18bc-4b0b-be7c-447a283ce474','上衣','http://www.orline.cn/mmgoing/cls_girl.png',0,1,'2018-05-23 14:06:33','2018-05-23 14:06:33','66daa9c7-5a45-4e9b-b86c-d7505bf4ca76'),('cf411da8-2e87-462c-8347-7e8c91ea027f','上衣','http://www.orline.cn/mmgoing/cls_girl.png',0,1,'2018-05-23 14:06:17','2018-05-23 14:06:17','d12b31fd-f9ae-44ab-98e5-fed22256f6a6'),('e2dad575-0247-4b73-a543-6c3021e4a07e','衬衫','http://www.orline.cn/mmgoing/cls_boy.png',0,1,'2018-05-23 14:06:42','2018-05-23 14:06:42','9587ec75-4633-4f9c-9918-e6120bb91f50'),('f13a194f-a837-4128-a766-101d986af11d','长裤','http://www.orline.cn/mmgoing/cls_coat.png',0,1,'2018-05-23 14:06:58','2018-05-23 14:06:58','d0fedb4e-4e8c-436b-9a3a-7eba104da834'),('fae6ebda-c2b1-48a0-bff4-18f127442f9a','上衣','http://www.orline.cn/mmgoing/cls_girl.png',0,1,'2018-05-23 14:07:08','2018-05-23 14:07:08','66daa9c7-5a45-4e9b-b86c-d7505bf4ca76');

INSERT INTO `products` VALUES ('2b7780a6-6387-4f36-9b2b-05624c1ab0f8','夏季儿童防蚊裤棉绸男女童成人灯笼裤中大童小孩宽松薄款沙滩长裤','夏季成人防蚊裤棉绸灯笼裤宽松薄款','https://gd1.alicdn.com/imgextra/i2/89636272/TB2MLGbd1uSBuNjSsplXXbe8pXa_!!89636272.jpg','','【ps：选项里面还有儿童款的呦】超舒服的夏季灯笼裤，不起球，不掉色，轻薄透气，宽松舒适，防蚊防凉，时尚百搭【赠运费险】',0,'normal',1,'2018-07-03 12:13:18','2018-07-03 12:13:18','a4143648-aa07-4230-bbb9-15d1e5333a15'),('2d2dea80-ce70-4c63-9369-8910f72909f2','法国双飞人 50ml 感冒提神醒脑消毒止痒蚊咬牙痛头痛','法国双飞人','http://p7mget50x.bkt.clouddn.com/04827c76-993a-4a43-b879-57afa2f40637.jpg','','感冒提神醒脑消毒止痒蚊咬牙痛头痛',0,'normal',1,'2018-07-12 11:17:14','2018-07-12 11:17:14',NULL),('36eb594a-09e5-48fc-ada5-c903a0263b2a','韩国爱茉莉麦迪安86%牙膏  进口正品  ','韩国爱茉莉麦迪安86%牙膏 ','http://p7mget50x.bkt.clouddn.com/fa4d45c3-16fd-444b-9f4b-048790547c5e.jpg','','韩国爱茉莉麦迪安86%牙膏 ',0,'normal',1,'2018-07-12 11:18:48','2018-07-12 11:18:48',NULL),('45e84bcf-86e5-4dcd-b485-b5cf49a65098','泰国 RAY 面膜','泰国 RAY 面膜','https://www.orline.cn/mmgoing/product/ray.jpg','','泰国RAY面膜，一款真正的泰货，极其服帖的蚕丝，效果远超一线品牌，银色清洁嫩肤，超强补水；金色抗皱去痘亮肤',0,'normal',1,'2018-07-03 12:13:18','2018-07-03 12:13:18','190051f3-81e5-454f-b55e-422bcdea8a74'),('4be1ae3f-9aa2-45a0-b1f6-4dc6043ce824','春雨蜜罐面膜','春雨蜜罐面膜','https://www.orline.cn/mmgoing/product/swit.jpg','','蜂蜜的味道，香香甜甜的，精华液比较多，有些浓稠，面膜纸很薄，贴在脸上几乎就隐形了，不会吓坏男票的那种。香甜的味道伴随着整个敷面膜的过程哦，敷在脸上20分钟以上都不会觉得发干，补水和提亮肤',0,'normal',1,'2018-07-03 12:13:18','2018-07-03 12:13:18','190051f3-81e5-454f-b55e-422bcdea8a74'),('4ece48d9-96f3-4015-a6a6-b0c8f93cdff1','运动T恤男短袖工作服定制速干透气马拉松跑步体恤企业文化衫上衣','定制速干透气企业文化衫运动T恤','https://img.alicdn.com/imgextra/i2/410566851/TB2buKJnf9TBuNjy0FcXXbeiFXa_!!410566851.jpg','','可定制，速干面料，不褪色，轻盈透气，清爽弹力，抗菌防臭，吸汗亲肤速干，显瘦修身，满足您任何户外出行。',0,'normal',1,'2018-07-03 12:13:18','2018-07-03 12:13:18','94af8053-ebc2-4921-90f4-5a078ace5cc0'),('6101670e-7efd-4031-a335-64c30fe2b461','味出道 吐司全麦面包粗粮1kg 面包早餐整箱切片 手撕夹心土司蛋糕','【第二份半价】全麦吐司粗粮面包2斤','https://img.alicdn.com/imgextra/i1/2212514663/TB2VPLKoL2H8KJjy0FcXXaDlFXa_!!2212514663.png','','【拍两份仅34.2元~折合1斤8元左右】甄选优质原料小麦淡淡麦香，细腻爽口醇而不腻，入口超绵软。每一个都是新鲜生产，纯正粗粮，健康饮食！【赠运费险】强烈建议拍两份',0,'normal',1,'2018-07-03 12:13:18','2018-07-03 12:13:18','5fbaa705-5cc3-4127-b4ad-cde4a77f9e84'),('956aea19-d268-4aa9-9680-11fa241132da','香港原装港货黄道益 港版黄道益活络油正品港货 50ml','香港原装黄道益','http://p7mget50x.bkt.clouddn.com/68d31549-1bb4-4be6-92df-e15ea0efcd4e.jpg','','黄道益活络油 舒经活络 跌打止痛',0,'normal',1,'2018-07-12 11:21:10','2018-07-12 11:21:10',NULL),('aef76ec7-0264-4a09-b02f-d045e756cd21','213','qwe','http://p7mget50x.bkt.clouddn.com/38428de6-c79a-48fd-94a1-f811e2a5def5.jpg','','123',0,'normal',1,'2018-07-06 16:53:06','2018-07-06 16:53:06',NULL),('b0a21038-c454-4de9-afd1-62c66e1d2648','JMsolution 蜂蜜面膜','JMsolution 蜂蜜面膜','https://www.orline.cn/mmgoing/product/bee.jpg','','保湿补水 滋润 提亮肤色 紧致、有弹性',0,'normal',1,'2018-07-03 12:13:18','2018-07-03 12:13:18','190051f3-81e5-454f-b55e-422bcdea8a74'),('b112f48a-88e2-435c-a841-2231d8ec847c','2018夏季新款女装胖mm大码遮肚子藏肉减龄亚麻棉麻连衣裙春装显瘦','胖mm遮肚藏肉减龄棉麻连衣裙','https://img.alicdn.com/imgextra/i1/2996548656/TB1GjFGc0LO8KJjSZFxXXaGEVXa_!!0-item_pic.jpg','','【五一出游季，怎么少得了这件连衣裙，跌破底价，错过再等一年】精选优质面料，质地柔软舒适，透气，显瘦，飘逸大摆，垂感十足，清新名族风，让你轻松做女神。',0,'normal',1,'2018-07-03 12:13:18','2018-07-03 12:13:18','5cbb2e95-a214-441f-95fb-41d0c490df7e'),('c20a95b1-3eb4-4453-8816-c62f187aae3e','JMsolution 蜂蜜面膜','JMsolution 蜂蜜面膜','https://www.orline.cn/mmgoing/product/bee.jpg','','保湿补水 滋润 提亮肤色 紧致、有弹性',0,'normal',1,'2018-07-03 12:13:18','2018-07-03 12:13:18','190051f3-81e5-454f-b55e-422bcdea8a74'),('e1944dcb-1b9a-4bef-b867-ee51b76f371f','无比滴 防蚊液驱蚊进口婴儿儿童成人消肿止痒湿疹祛热痱蚊虫叮咬','无比滴 防蚊液驱蚊','http://p7mget50x.bkt.clouddn.com/e87e3aa2-70ab-48a2-b947-d38f1172d815.jpg','','无比滴 防蚊液驱蚊进口婴儿儿童成人消肿止痒湿疹祛热痱蚊虫叮咬',0,'normal',1,'2018-07-12 08:53:32','2018-07-12 08:53:32',NULL),('fe38835b-5821-4495-bdeb-5d23db9e4188','泰国 RAY 面膜','泰国 RAY 面膜','https://www.orline.cn/mmgoing/product/ray.jpg','','泰国RAY面膜，一款真正的泰货，极其服帖的蚕丝，效果远超一线品牌，银色清洁嫩肤，超强补水；金色抗皱去痘亮肤',0,'normal',1,'2018-07-03 12:13:18','2018-07-03 12:13:18','190051f3-81e5-454f-b55e-422bcdea8a74');

INSERT INTO `stocks`(`stockId`,`quantity`,`originPrice`,`salesNum`,`commission`,`size`,`status`,`createdAt`,`updatedAt`,`productId`) VALUES ('0bdf7a8a-d53d-47d4-bec6-71cfbfe52ffb',1000,39.80,0,'0%','L',1,'2018-07-03 12:13:18','2018-07-03 12:13:18','4ece48d9-96f3-4015-a6a6-b0c8f93cdff1'),('1dbbb4a4-7182-4590-b4a1-ce3b1685fc3c',9999,65.00,0,'0%','1瓶装',1,'2018-07-12 11:22:48','2018-07-12 11:22:48',NULL),('326b8d01-cc82-48c4-8f9a-1a03ccdd02f5',1000,78.00,0,'0%','10 片',1,'2018-07-03 12:13:18','2018-07-03 12:13:18','4be1ae3f-9aa2-45a0-b1f6-4dc6043ce824'),('3eafedf5-6c0f-4fd4-9cfd-47a66bf52bff',1000,39.80,0,'0%','L',1,'2018-07-03 12:13:18','2018-07-03 12:13:18','6101670e-7efd-4031-a335-64c30fe2b461'),('489a9caa-0b36-4194-9a2c-a0dcd060ab63',1000,0.05,0,'0%','10 片',1,'2018-07-03 12:13:18','2018-07-03 12:13:18','c20a95b1-3eb4-4453-8816-c62f187aae3e'),('5e224e3a-79aa-4394-8cd5-d3154f254452',1000,12.00,0,'0%','10片装',1,'2018-07-06 16:53:06','2018-07-06 16:53:06','aef76ec7-0264-4a09-b02f-d045e756cd21'),('6a656b7c-3e31-407f-9495-966483964a45',1000,0.02,0,'0%','10 片',1,'2018-07-03 12:13:18','2018-07-03 12:13:18','45e84bcf-86e5-4dcd-b485-b5cf49a65098'),('6c1cafd3-d326-47e3-9034-08d60eb15f28',9999,16.00,0,'0%','1支装',1,'2018-07-12 11:18:48','2018-07-12 11:18:48','36eb594a-09e5-48fc-ada5-c903a0263b2a'),('7f8ecc37-0a02-442e-ad95-af88107a3460',850,48.50,0,'0%','M',1,'2018-07-03 12:13:18','2018-07-03 12:13:18','b112f48a-88e2-435c-a841-2231d8ec847c'),('87e6439e-d5a1-4ce4-b583-544be5480a90',850,48.50,0,'0%','M',1,'2018-07-03 12:13:18','2018-07-03 12:13:18','2b7780a6-6387-4f36-9b2b-05624c1ab0f8'),('a1c3f557-75af-4f14-82f5-690cdbe20add',1000,39.80,0,'0%','L',1,'2018-07-03 12:13:18','2018-07-03 12:13:18','2b7780a6-6387-4f36-9b2b-05624c1ab0f8'),('a4391a63-2f8d-4acb-a97c-6357c97978c6',1000,58.00,0,'0%','10 片',1,'2018-07-03 12:13:18','2018-07-03 12:13:18','b0a21038-c454-4de9-afd1-62c66e1d2648'),('ae377057-786a-4bd5-a4e2-a78cf6745a7c',9999,42.00,0,'0%','1瓶装',1,'2018-07-12 08:53:32','2018-07-12 08:53:32','e1944dcb-1b9a-4bef-b867-ee51b76f371f'),('d38c3fee-7f1b-49f1-a3e3-61ddcbab7140',850,48.50,0,'0%','M',1,'2018-07-03 12:13:18','2018-07-03 12:13:18','4ece48d9-96f3-4015-a6a6-b0c8f93cdff1'),('dc382b29-89af-462d-88f8-9660bc6b6312',9999,46.00,0,'0%','一瓶装',1,'2018-07-12 11:17:14','2018-07-12 11:17:14','2d2dea80-ce70-4c63-9369-8910f72909f2'),('e635daff-52a5-4381-817f-fc274a0228bf',850,48.50,0,'0%','M',1,'2018-07-03 12:13:18','2018-07-03 12:13:18','6101670e-7efd-4031-a335-64c30fe2b461'),('f11716c3-0734-433a-9d73-cbb77ea36e46',1000,68.00,0,'0%','10 片',1,'2018-07-03 12:13:18','2018-07-03 12:13:18','fe38835b-5821-4495-bdeb-5d23db9e4188'),('f7b1389c-92ed-4696-9f91-7e244c6ee1a6',9999,65.00,0,'0%','1瓶装',1,'2018-07-12 11:21:10','2018-07-12 11:21:10','956aea19-d268-4aa9-9680-11fa241132da'),('fd84fe72-8543-456d-8ef5-a850ce03949b',1000,39.80,0,'0%','L',1,'2018-07-03 12:13:18','2018-07-03 12:13:18','b112f48a-88e2-435c-a841-2231d8ec847c');
INSERT INTO `orders` VALUES ('20e1cbb0-85df-11e8-838e-63d8a81fd264','1531405401068',0.02,0.00,'','NONE',2,'20180712222324327','71cd618f-6e4a-4d80-ad61-a94bc1596f96','a0cb0760-7b3a-11e8-ae92-47c8cb21caab','2018-07-12 14:23:21','2018-07-12 17:27:39'),('3ab6da50-7ec1-11e8-aa7d-ab9db9ca2d8e','1530622901365',39.80,0.00,'','NONE',5,'','71cd618f-6e4a-4d80-ad61-a94bc1596f96','a0cb0760-7b3a-11e8-ae92-47c8cb21caab','2018-07-03 13:01:41','2018-07-09 11:55:28'),('65d33430-843a-11e8-8ae7-9fbbec70418e','1531224698612',259.64,0.00,'','NONE',1,'','71cd618f-6e4a-4d80-ad61-a94bc1596f96','a0cb0760-7b3a-11e8-ae92-47c8cb21caab','2018-07-10 12:11:38','2018-07-10 12:11:38'),('725f7580-8285-11e8-b539-d9e11c09bf10','1531037029592',12.00,0.00,'','NONE',5,'20180708160352771','71cd618f-6e4a-4d80-ad61-a94bc1596f96','a0cb0760-7b3a-11e8-ae92-47c8cb21caab','2018-07-08 08:03:49','2018-07-09 11:30:14'),('82b44400-7ec1-11e8-aa7d-ab9db9ca2d8e','1530623022144',58.00,0.00,'','NONE',5,'20180708145810218','71cd618f-6e4a-4d80-ad61-a94bc1596f96','a0cb0760-7b3a-11e8-ae92-47c8cb21caab','2018-07-03 13:03:42','2018-07-09 11:38:27'),('9a8d56d0-8370-11e8-bd82-3166ba8792c1','1531138028734',0.02,0.00,'','NONE',1,'','71cd618f-6e4a-4d80-ad61-a94bc1596f96','a0cb0760-7b3a-11e8-ae92-47c8cb21caab','2018-07-09 12:07:08','2018-07-09 12:07:08'),('a41c1600-8370-11e8-bd82-3166ba8792c1','1531138044768',78.02,0.00,'','NONE',1,'','71cd618f-6e4a-4d80-ad61-a94bc1596f96','a0cb0760-7b3a-11e8-ae92-47c8cb21caab','2018-07-09 12:07:24','2018-07-09 12:07:24'),('cd83b3c0-8282-11e8-a39b-0ffaf7246b3f','1531035894012',12.00,0.00,'','NONE',5,'','71cd618f-6e4a-4d80-ad61-a94bc1596f96','a0cb0760-7b3a-11e8-ae92-47c8cb21caab','2018-07-08 07:44:54','2018-07-09 11:30:44'),('d14b51d0-827c-11e8-a39b-0ffaf7246b3f','1531033323374',78.02,0.00,'','NONE',5,'20180708150231368','71cd618f-6e4a-4d80-ad61-a94bc1596f96','a0cb0760-7b3a-11e8-ae92-47c8cb21caab','2018-07-08 07:02:03','2018-07-09 11:37:56'),('eb19f090-7ebb-11e8-aa7d-ab9db9ca2d8e','1530620620313',0.02,0.00,'','NONE',4,'20180703202343527','71cd618f-6e4a-4d80-ad61-a94bc1596f96','a0cb0760-7b3a-11e8-ae92-47c8cb21caab','2018-07-03 12:23:40','2018-07-08 09:40:05'),('f2560f30-8387-11e8-a50a-7bb331b38461','1531148054435',0.04,0.00,'','NONE',1,'','71cd618f-6e4a-4d80-ad61-a94bc1596f96','a0cb0760-7b3a-11e8-ae92-47c8cb21caab','2018-07-09 14:54:14','2018-07-09 14:54:14');
INSERT INTO `outbounds` VALUES ('0a7d9f55-f6fc-4368-a490-ff08dbf2a0eb','aef76ec7-0264-4a09-b02f-d045e756cd21','213','http://p7mget50x.bkt.clouddn.com/38428de6-c79a-48fd-94a1-f811e2a5def5.jpg','',12.00,0.00,1,12.00,0,'2018-07-08 07:44:54','2018-07-08 07:44:54','cd83b3c0-8282-11e8-a39b-0ffaf7246b3f'),('11824113-c5cf-43ea-8bc2-53d217f63954','aef76ec7-0264-4a09-b02f-d045e756cd21','213','http://p7mget50x.bkt.clouddn.com/38428de6-c79a-48fd-94a1-f811e2a5def5.jpg','',12.00,0.00,2,24.00,1,'2018-07-10 12:11:38','2018-07-10 12:11:38','65d33430-843a-11e8-8ae7-9fbbec70418e'),('267faef6-3c93-4464-a7e1-2689a367ba4b','4be1ae3f-9aa2-45a0-b1f6-4dc6043ce824','春雨蜜罐面膜','https://www.orline.cn/mmgoing/product/swit.jpg','',78.00,0.00,2,156.00,1,'2018-07-10 12:11:38','2018-07-10 12:11:38','65d33430-843a-11e8-8ae7-9fbbec70418e'),('269eb8e7-8791-468e-8c9f-3e5890946a23','aef76ec7-0264-4a09-b02f-d045e756cd21','213','http://p7mget50x.bkt.clouddn.com/38428de6-c79a-48fd-94a1-f811e2a5def5.jpg','',12.00,0.00,1,12.00,1,'2018-07-08 08:03:49','2018-07-08 08:03:49','725f7580-8285-11e8-b539-d9e11c09bf10'),('2c3be554-ba9b-4485-9b7b-e7ff8058bac9','4be1ae3f-9aa2-45a0-b1f6-4dc6043ce824','春雨蜜罐面膜','https://www.orline.cn/mmgoing/product/swit.jpg','',78.00,0.00,1,78.00,0,'2018-07-08 07:02:03','2018-07-08 07:02:03','d14b51d0-827c-11e8-a39b-0ffaf7246b3f'),('363b9063-9121-4e24-95a4-86fca60eb954','45e84bcf-86e5-4dcd-b485-b5cf49a65098','泰国 RAY 面膜','https://www.orline.cn/mmgoing/product/ray.jpg','',0.02,0.00,1,0.02,1,'2018-07-12 14:23:21','2018-07-12 14:23:21','20e1cbb0-85df-11e8-838e-63d8a81fd264'),('71d60ee1-ed22-471d-83a1-3e2848698a45','45e84bcf-86e5-4dcd-b485-b5cf49a65098','泰国 RAY 面膜','https://www.orline.cn/mmgoing/product/ray.jpg','',0.02,0.00,1,0.02,1,'2018-07-09 12:07:08','2018-07-09 12:07:08','9a8d56d0-8370-11e8-bd82-3166ba8792c1'),('8438e72f-bbd5-4291-93ee-73df4d043724','45e84bcf-86e5-4dcd-b485-b5cf49a65098','泰国 RAY 面膜','https://www.orline.cn/mmgoing/product/ray.jpg','',0.02,0.00,1,0.02,1,'2018-07-09 12:07:24','2018-07-09 12:07:24','a41c1600-8370-11e8-bd82-3166ba8792c1'),('afa6afbd-067f-4c99-a7f8-14714162e044','4ece48d9-96f3-4015-a6a6-b0c8f93cdff1','运动T恤男短袖工作服定制速干透气马拉松跑步体恤企业文化衫上衣','https://img.alicdn.com/imgextra/i2/410566851/TB2buKJnf9TBuNjy0FcXXbeiFXa_!!410566851.jpg','',39.80,0.00,1,39.80,0,'2018-07-03 13:01:41','2018-07-03 13:01:41','3ab6da50-7ec1-11e8-aa7d-ab9db9ca2d8e'),('b6664ad1-2575-4bc0-bb16-312191983dee','45e84bcf-86e5-4dcd-b485-b5cf49a65098','泰国 RAY 面膜','https://www.orline.cn/mmgoing/product/ray.jpg','',0.02,0.00,2,0.04,1,'2018-07-09 14:54:14','2018-07-09 14:54:14','f2560f30-8387-11e8-a50a-7bb331b38461'),('c414c503-45ab-4fe1-bc5f-b11491718726','4be1ae3f-9aa2-45a0-b1f6-4dc6043ce824','春雨蜜罐面膜','https://www.orline.cn/mmgoing/product/swit.jpg','',78.00,0.00,1,78.00,1,'2018-07-09 12:07:24','2018-07-09 12:07:24','a41c1600-8370-11e8-bd82-3166ba8792c1'),('e8b246cd-3eca-4259-8181-3e3338f3032c','45e84bcf-86e5-4dcd-b485-b5cf49a65098','泰国 RAY 面膜','https://www.orline.cn/mmgoing/product/ray.jpg','',0.02,0.00,2,0.04,1,'2018-07-10 12:11:38','2018-07-10 12:11:38','65d33430-843a-11e8-8ae7-9fbbec70418e'),('ece1ee9d-1f96-4e03-97e8-f04c6bb2032a','6101670e-7efd-4031-a335-64c30fe2b461','味出道 吐司全麦面包粗粮1kg 面包早餐整箱切片 手撕夹心土司蛋糕','https://img.alicdn.com/imgextra/i1/2212514663/TB2VPLKoL2H8KJjy0FcXXaDlFXa_!!2212514663.png','',39.80,0.00,2,79.60,1,'2018-07-10 12:11:38','2018-07-10 12:11:38','65d33430-843a-11e8-8ae7-9fbbec70418e'),('f8ed1a77-b804-4dba-b8b4-ef0b0d7bde7b','45e84bcf-86e5-4dcd-b485-b5cf49a65098','泰国 RAY 面膜','https://www.orline.cn/mmgoing/product/ray.jpg','',0.02,0.00,1,0.02,0,'2018-07-08 07:02:03','2018-07-08 07:02:03','d14b51d0-827c-11e8-a39b-0ffaf7246b3f'),('fc3b7a71-6dc8-464b-a4bc-549be4b793da','b0a21038-c454-4de9-afd1-62c66e1d2648','JMsolution 蜂蜜面膜','https://www.orline.cn/mmgoing/product/bee.jpg','',58.00,0.00,1,58.00,0,'2018-07-03 13:03:42','2018-07-03 13:03:42','82b44400-7ec1-11e8-aa7d-ab9db9ca2d8e'),('ffc75fc4-f38b-4e23-8d2a-dfbe518e21fe','45e84bcf-86e5-4dcd-b485-b5cf49a65098','泰国 RAY 面膜','https://www.orline.cn/mmgoing/product/ray.jpg','',0.02,0.00,1,0.02,0,'2018-07-03 12:23:40','2018-07-03 12:23:40','eb19f090-7ebb-11e8-aa7d-ab9db9ca2d8e');

INSERT INTO `adverts` VALUES ('943cac81-4418-4a53-88b5-7e701e124f80','http://p7mget50x.bkt.clouddn.com/swipe_pic1.jpg','5d6db841-7de3-11e8-97fc-f5bab62e1243','','2018-07-02 10:33:31','2018-07-02 10:33:31'),('a2c2104d-700d-4b45-80bb-b2b495f60974','http://p7mget50x.bkt.clouddn.com/swipe_pic2.jpg','5d6db840-7de3-11e8-97fc-f5bab62e1243','','2018-07-02 10:33:31','2018-07-02 10:33:31'),('eb27dc20-254f-4b16-8681-91805bf8aa44','http://p7mget50x.bkt.clouddn.com/swipe_pic3.jpg','5d6d9130-7de3-11e8-97fc-f5bab62e1243','','2018-07-02 10:33:31','2018-07-02 10:33:31');

SELECT COUNT(1) FROM user WHERE telephone = '13641052046';




# news
CREATE TABLE `addresses` (`addressId` bigint unsigned AUTO_INCREMENT NOT NULL,`contact` varchar(32) NOT NULL,`telephone` varchar(15) NOT NULL,`isDefault` boolean NOT NULL  DEFAULT false,`country` varchar(255) NOT NULL,`city` varchar(255) NOT NULL,`details` varchar(255) NOT NULL,`status` varchar(10) NOT NULL  DEFAULT 'active',`userId` bigint unsigned NOT NULL,`createdAt` dateTime,`updatedAt` dateTime,`deletedAt` dateTime , PRIMARY KEY (`addressId`)) ENGINE=InnoDB DEFAULT CHARSET=utf8;

SELECT * FROM `adverts`;
SELECT * FROM `users`;
SELECT * FROM `teams`;
SELECT * FROM `wxsessions`;
SELECT * FROM `addresses`;
SELECT * FROM `userwechat`;
SELECT * FROM `userteams`;
SELECT * FROM `inventories`;
SELECT * FROM `products`;

INSERT  INTO `users` (`userId`,`telephone`,`username`,`password`,`nickname`,`channel`,`createdAt`,`updatedAt`,`deletedAt`) VALUES (1099511627777,'1364105201','','123456789','JAMES001','','2019-03-25 21:15:39','2019-03-25 21:15:39',NULL);

INSERT  INTO `teams` (`teamId`,`topLevelAgent`,`superiorAgent`,`invitationCode`,`userId`,`createdAt`,`updatedAt`,`deletedAt`) VALUES (2199023255553,8888888888,8888888888,'AXD8DS',1099511627777,'2019-03-25 21:15:39','2019-03-25 21:15:39',NULL);

INSERT  INTO `addresses` (`addressId`,`contact`,`telephone`,`isDefault`,`country`,`city`,`details`,`userId`,`createdAt`,`updatedAt`,`deletedAt`) VALUES (53876069761025,'Tech03','13600004088',true,'CHN','GD-ZHA','南方软件园B5-7L',14293651161089,'2019-03-26 15:00:00','2019-03-26 15:00:00',NULL);
INSERT  INTO `addresses` (`addressId`,`contact`,`telephone`,`country`,`city`,`details`,`userId`,`createdAt`,`updatedAt`,`deletedAt`) VALUES (54975581388801,'Tech04','13600004004','CHN','GD-ZHA','南方软件园B5-7L',14293651161089,'2019-03-26 15:00:48','2019-03-26 15:00:48',NULL);

DELETE FROM `addresses`;
DELETE FROM `inventories`;